currentTimestamp,moving,storage,onStation,problemStation,goodStation,empty,low,good,high,full
0,0,0,16832,486,696,120,180,733,101,48
1,0,0,16832,486,696,120,180,733,101,48
2,2,0,16830,486,696,120,180,733,101,48
3,5,0,16827,486,696,121,179,733,101,48
4,5,0,16827,486,696,121,179,733,101,48
5,7,0,16825,486,696,121,179,733,102,47
6,8,0,16824,486,696,121,179,733,102,47
7,8,0,16824,486,696,121,179,733,102,47
8,9,0,16823,486,696,121,179,733,102,47
9,11,0,16821,486,696,121,179,733,102,47
10,11,0,16821,486,696,121,179,733,102,47
11,12,0,16820,486,696,121,179,733,102,47
12,12,0,16820,486,696,121,179,733,102,47
13,12,0,16820,486,696,121,179,733,102,47
14,12,0,16820,486,696,121,179,733,102,47
15,12,0,16820,486,696,121,179,733,102,47
16,14,0,16818,487,695,122,179,732,102,47
17,14,0,16818,487,695,122,179,732,102,47
18,14,0,16818,487,695,122,179,732,102,47
19,14,0,16818,487,695,122,179,732,102,47
20,14,0,16818,487,695,122,179,732,102,47
21,14,0,16818,487,695,122,179,732,102,47
22,17,0,16815,487,695,122,179,732,103,46
23,18,0,16814,487,695,122,179,732,103,46
24,19,0,16813,487,695,122,179,732,103,46
25,19,0,16813,487,695,122,179,732,103,46
26,20,0,16812,488,694,122,180,731,103,46
27,20,0,16812,488,694,122,180,731,103,46
28,20,0,16812,488,694,122,180,731,103,46
29,20,0,16812,488,694,122,180,731,103,46
30,20,0,16812,488,694,122,180,731,103,46
31,22,0,16810,488,694,123,179,731,103,46
32,23,0,16809,488,694,123,179,731,103,46
33,23,0,16809,488,694,123,179,731,103,46
34,24,0,16808,488,694,123,179,731,103,46
35,24,0,16808,488,694,123,179,731,103,46
36,24,0,16808,488,694,123,179,731,103,46
37,26,0,16806,488,694,123,179,731,103,46
38,26,0,16806,488,694,123,179,731,103,46
39,27,0,16805,488,694,123,179,731,103,46
40,28,0,16804,488,694,123,179,731,103,46
41,29,0,16803,488,694,123,179,731,103,46
42,29,0,16803,488,694,123,179,731,103,46
43,31,0,16801,488,694,123,179,731,103,46
44,31,0,16801,488,694,123,179,731,103,46
45,32,0,16800,488,694,123,179,732,102,46
46,32,0,16800,488,694,123,179,732,102,46
47,32,0,16800,488,694,123,179,732,102,46
48,32,0,16800,488,694,123,179,732,102,46
49,32,0,16800,488,694,123,179,732,102,46
50,33,0,16799,488,694,123,179,732,102,46
51,34,0,16798,488,694,123,179,732,102,46
52,34,0,16798,488,694,123,179,732,102,46
53,34,0,16798,488,694,123,179,732,102,46
54,35,0,16797,488,694,123,179,732,102,46
55,36,0,16796,488,694,123,179,732,102,46
56,36,0,16796,488,694,123,179,732,102,46
57,36,0,16796,488,694,123,179,732,102,46
58,36,0,16796,488,694,123,179,732,102,46
59,36,0,16796,488,694,123,179,732,102,46
60,36,0,16796,488,694,123,179,732,102,46
61,36,0,16796,488,694,123,179,732,102,46
62,38,0,16794,488,694,123,179,732,102,46
63,40,0,16792,488,694,123,179,732,102,46
64,40,0,16792,488,694,123,179,732,102,46
65,41,0,16791,488,694,123,179,732,102,46
66,42,0,16790,488,694,123,179,732,102,46
67,42,0,16790,488,694,123,179,732,102,46
68,42,0,16790,488,694,123,179,732,102,46
69,43,0,16789,488,694,123,179,732,103,45
70,44,0,16788,488,694,123,179,732,103,45
71,44,0,16788,488,694,123,179,732,103,45
72,45,0,16787,488,694,123,180,731,103,45
73,45,0,16787,488,694,123,180,731,103,45
74,45,0,16787,488,694,123,180,731,103,45
75,45,0,16787,488,694,123,180,731,103,45
76,45,0,16787,488,694,123,180,731,103,45
77,45,0,16787,488,694,123,180,731,103,45
78,46,0,16786,488,694,123,180,731,103,45
79,46,0,16786,488,694,123,180,731,103,45
80,47,0,16785,488,694,123,180,731,103,45
81,47,0,16785,488,694,123,180,731,103,45
82,47,0,16785,488,694,123,180,731,103,45
83,48,0,16784,488,694,123,180,731,103,45
84,50,0,16782,488,694,124,179,731,103,45
85,51,0,16781,488,694,124,179,731,103,45
86,51,0,16781,488,694,124,179,731,103,45
87,53,0,16779,487,695,124,179,731,103,45
88,55,0,16777,487,695,124,179,731,103,45
89,55,0,16777,487,695,124,179,731,103,45
90,56,0,16776,487,695,124,179,732,102,45
91,57,0,16775,487,695,124,179,732,102,45
92,57,0,16775,487,695,124,179,732,102,45
93,56,0,16776,487,695,123,180,732,102,45
94,56,0,16776,487,695,123,180,732,102,45
95,57,0,16775,487,695,123,180,732,102,45
96,58,0,16774,487,695,123,180,732,102,45
97,58,0,16774,487,695,123,180,732,102,45
98,60,0,16772,487,695,123,180,732,102,45
99,61,0,16771,487,695,123,180,732,102,45
100,61,0,16771,487,695,123,180,732,102,45
101,63,0,16769,487,695,123,180,732,102,45
102,63,0,16769,487,695,123,180,732,102,45
103,63,0,16769,487,695,123,180,732,102,45
104,64,0,16768,487,695,123,180,732,102,45
105,64,0,16768,487,695,123,180,732,102,45
106,64,0,16768,487,695,123,180,732,102,45
107,67,0,16765,487,695,123,180,732,102,45
108,67,0,16765,487,695,123,180,732,102,45
109,68,0,16764,487,695,123,180,732,102,45
110,68,0,16764,487,695,123,180,732,102,45
111,69,0,16763,487,695,123,180,732,102,45
112,69,0,16763,487,695,123,180,732,102,45
113,69,0,16763,487,695,123,180,732,102,45
114,69,0,16763,487,695,123,180,732,102,45
115,69,0,16763,487,695,123,180,732,102,45
116,69,0,16763,487,695,123,180,732,102,45
117,69,0,16763,487,695,123,180,732,102,45
118,70,0,16762,487,695,123,180,732,102,45
119,71,0,16761,487,695,123,180,732,102,45
120,72,0,16760,487,695,123,180,732,102,45
121,74,0,16758,487,695,123,180,733,101,45
122,75,0,16757,487,695,123,180,733,101,45
123,75,0,16757,487,695,123,180,733,101,45
124,75,0,16757,487,695,123,180,733,101,45
125,75,0,16757,487,695,123,180,733,101,45
126,75,0,16757,487,695,123,180,733,101,45
127,76,0,16756,487,695,123,180,733,101,45
128,77,0,16755,486,696,123,180,733,101,45
129,78,0,16754,486,696,124,179,733,101,45
130,78,0,16754,486,696,124,179,733,101,45
131,80,0,16752,486,696,124,179,733,101,45
132,80,0,16752,486,696,124,179,733,101,45
133,82,0,16750,486,696,124,179,733,101,45
134,82,0,16750,486,696,124,179,733,101,45
135,82,0,16750,486,696,124,179,733,101,45
136,83,0,16749,487,695,124,180,732,101,45
137,83,0,16749,487,695,124,180,732,101,45
138,83,0,16749,487,695,124,180,732,101,45
139,83,0,16749,487,695,124,180,732,101,45
140,84,0,16748,487,695,124,180,732,101,45
141,84,0,16748,487,695,124,180,732,101,45
142,84,0,16748,487,695,124,180,732,101,45
143,86,0,16746,487,695,124,180,732,101,45
144,86,0,16746,487,695,124,180,732,101,45
145,87,0,16745,487,695,124,180,732,101,45
146,87,0,16745,487,695,124,180,732,101,45
147,88,0,16744,487,695,124,180,732,101,45
148,88,0,16744,487,695,124,180,732,101,45
149,89,0,16743,487,695,124,180,732,101,45
150,89,0,16743,487,695,124,180,732,101,45
151,90,0,16742,487,695,124,180,732,101,45
152,89,0,16743,487,695,124,180,732,101,45
153,90,0,16742,487,695,124,180,733,100,45
154,90,0,16742,487,695,124,180,733,100,45
155,92,0,16740,487,695,124,180,733,100,45
156,92,0,16740,487,695,124,180,733,100,45
157,94,0,16738,487,695,124,180,733,100,45
158,95,0,16737,487,695,124,180,733,100,45
159,98,0,16734,487,695,124,180,733,100,45
160,98,0,16734,487,695,124,180,733,100,45
161,99,0,16733,487,695,124,180,733,100,45
162,99,0,16733,487,695,124,180,733,100,45
163,100,0,16732,487,695,124,180,733,100,45
164,100,0,16732,487,695,124,180,733,100,45
165,101,0,16731,487,695,124,180,733,101,44
166,101,0,16731,487,695,124,180,733,101,44
167,103,0,16729,487,695,124,180,733,101,44
168,104,0,16728,487,695,124,180,733,101,44
169,104,0,16728,487,695,124,180,733,101,44
170,105,0,16727,487,695,124,180,733,101,44
171,106,0,16726,487,695,124,180,733,101,44
172,106,0,16726,487,695,124,180,733,101,44
173,106,0,16726,487,695,124,180,733,101,44
174,106,0,16726,487,695,124,180,733,101,44
175,106,0,16726,487,695,124,180,733,101,44
176,108,0,16724,487,695,124,180,733,101,44
177,109,0,16723,488,694,124,181,732,101,44
178,110,0,16722,488,694,124,181,732,101,44
179,111,0,16721,488,694,124,181,732,101,44
180,113,0,16719,488,694,124,181,732,101,44
181,114,0,16718,488,694,124,181,732,101,44
182,114,0,16718,488,694,124,181,732,101,44
183,115,0,16717,488,694,124,181,732,101,44
184,117,0,16715,488,694,124,181,733,100,44
185,117,0,16715,488,694,124,181,733,100,44
186,119,0,16713,488,694,124,181,734,99,44
187,120,0,16712,488,694,124,181,734,99,44
188,119,0,16713,488,694,124,181,734,99,44
189,120,0,16712,488,694,124,181,734,99,44
190,120,0,16712,488,694,124,181,734,99,44
191,120,0,16712,488,694,124,181,734,99,44
192,121,0,16711,488,694,124,181,734,99,44
193,122,0,16710,488,694,124,181,734,99,44
194,123,0,16709,488,694,124,181,734,99,44
195,122,0,16710,488,694,124,181,734,99,44
196,123,0,16709,488,694,124,181,734,99,44
197,123,0,16709,488,694,124,181,734,99,44
198,124,0,16708,488,694,124,181,734,99,44
199,124,0,16708,488,694,124,181,734,99,44
200,125,0,16707,488,694,124,181,734,99,44
201,127,0,16705,488,694,125,180,734,99,44
202,127,0,16705,488,694,125,180,734,99,44
203,128,0,16704,488,694,125,180,734,99,44
204,127,0,16705,488,694,125,180,734,99,44
205,127,0,16705,488,694,125,180,734,99,44
206,127,0,16705,488,694,125,180,734,99,44
207,127,0,16705,488,694,125,180,734,99,44
208,131,0,16701,489,693,125,181,733,99,44
209,133,0,16699,489,693,125,181,733,99,44
210,133,0,16699,489,693,125,181,733,99,44
211,134,0,16698,489,693,125,181,733,99,44
212,134,0,16698,489,693,125,181,733,99,44
213,134,0,16698,489,693,125,181,733,99,44
214,134,0,16698,489,693,125,181,733,99,44
215,136,0,16696,489,693,125,182,732,99,44
216,136,0,16696,489,693,125,182,732,99,44
217,138,0,16694,489,693,125,182,732,99,44
218,138,0,16694,489,693,125,182,732,99,44
219,139,0,16693,489,693,125,182,733,98,44
220,140,0,16692,489,693,125,181,734,99,43
221,140,0,16692,489,693,125,181,734,99,43
222,140,0,16692,489,693,125,181,734,99,43
223,141,0,16691,489,693,125,181,734,99,43
224,142,0,16690,489,693,125,181,734,99,43
225,142,0,16690,489,693,125,181,734,99,43
226,142,0,16690,489,693,125,181,734,99,43
227,142,0,16690,489,693,125,181,734,99,43
228,142,0,16690,489,693,125,181,734,99,43
229,143,0,16689,489,693,125,181,734,99,43
230,145,0,16687,489,693,125,181,734,99,43
231,146,0,16686,489,693,125,181,734,100,42
232,146,0,16686,489,693,125,181,734,100,42
233,145,0,16687,489,693,125,181,734,100,42
234,145,0,16687,489,693,125,181,734,100,42
235,145,0,16687,489,693,125,181,734,100,42
236,145,0,16687,489,693,125,181,734,100,42
237,145,0,16687,489,693,125,181,734,100,42
238,147,0,16685,489,693,125,181,734,100,42
239,147,0,16685,489,693,125,181,734,100,42
240,147,0,16685,489,693,125,181,734,100,42
241,149,0,16683,490,692,125,183,732,100,42
242,150,0,16682,490,692,125,183,732,100,42
243,151,0,16681,490,692,125,183,732,100,42
244,151,0,16681,490,692,125,183,732,100,42
245,152,0,16680,490,692,125,183,733,99,42
246,153,0,16679,490,692,125,183,733,99,42
247,154,0,16678,490,692,125,183,733,99,42
248,157,0,16675,490,692,125,184,732,99,42
249,158,0,16674,490,692,125,184,732,99,42
250,159,0,16673,491,691,125,185,731,99,42
251,159,0,16673,491,691,125,185,731,99,42
252,159,0,16673,491,691,125,185,731,99,42
253,159,0,16673,491,691,125,185,731,99,42
254,159,0,16673,491,691,125,185,731,99,42
255,159,0,16673,491,691,125,185,731,99,42
256,160,0,16672,491,691,125,185,731,99,42
257,160,0,16672,491,691,125,185,731,99,42
258,160,0,16672,491,691,125,185,731,99,42
259,160,0,16672,491,691,125,185,731,99,42
260,160,0,16672,491,691,125,185,731,99,42
261,161,0,16671,491,691,125,185,731,99,42
262,161,0,16671,491,691,125,185,731,99,42
263,160,0,16672,491,691,125,185,730,100,42
264,161,0,16671,491,691,125,185,730,100,42
265,161,0,16671,491,691,125,185,730,100,42
266,161,0,16671,491,691,125,185,730,100,42
267,161,0,16671,491,691,125,185,730,100,42
268,161,0,16671,491,691,125,185,730,100,42
269,161,0,16671,491,691,125,185,730,100,42
270,161,0,16671,491,691,125,185,730,100,42
271,160,0,16672,491,691,125,185,729,101,42
272,160,0,16672,491,691,125,185,729,101,42
273,160,0,16672,491,691,125,185,729,101,42
274,161,0,16671,491,691,125,185,729,101,42
275,163,0,16669,491,691,126,184,729,101,42
276,163,0,16669,491,691,126,184,729,101,42
277,163,0,16669,491,691,126,184,729,101,42
278,163,0,16669,491,691,126,184,729,101,42
279,163,0,16669,491,691,126,184,729,101,42
280,163,0,16669,491,691,126,184,729,101,42
281,164,0,16668,491,691,126,184,729,101,42
282,165,0,16667,491,691,126,184,729,101,42
283,167,0,16665,491,691,127,183,729,101,42
284,168,0,16664,491,691,128,182,729,101,42
285,168,0,16664,491,691,128,182,729,101,42
286,170,0,16662,491,691,128,182,729,101,42
287,169,0,16663,491,691,128,182,729,101,42
288,169,0,16663,491,691,128,182,729,101,42
289,169,0,16663,491,691,128,182,729,101,42
290,171,0,16661,491,691,128,182,729,101,42
291,171,0,16661,491,691,128,182,729,101,42
292,174,0,16658,491,691,129,181,729,101,42
293,174,0,16658,491,691,129,181,729,101,42
294,174,0,16658,491,691,129,181,729,101,42
295,174,0,16658,491,691,129,181,729,101,42
296,175,0,16657,491,691,129,181,729,101,42
297,175,0,16657,491,691,129,181,729,101,42
298,175,0,16657,491,691,129,181,729,101,42
299,176,0,16656,491,691,129,181,729,101,42
300,178,0,16654,491,691,129,181,730,100,42
301,179,0,16653,491,691,129,181,730,100,42
302,180,0,16652,492,690,129,182,729,100,42
303,180,0,16652,492,690,129,182,729,100,42
304,181,0,16651,492,690,129,182,729,100,42
305,182,0,16650,492,690,129,182,729,100,42
306,181,0,16651,492,690,129,182,729,100,42
307,182,0,16650,493,689,129,183,728,100,42
308,183,0,16649,493,689,129,183,728,100,42
309,182,0,16650,493,689,129,183,728,100,42
310,183,0,16649,493,689,129,183,728,100,42
311,182,0,16650,493,689,129,183,728,100,42
312,183,0,16649,493,689,129,183,728,100,42
313,183,0,16649,493,689,129,183,728,100,42
314,182,0,16650,492,690,129,182,729,100,42
315,182,0,16650,492,690,129,182,729,100,42
316,183,0,16649,491,691,129,182,729,100,42
317,183,0,16649,491,691,129,182,729,100,42
318,183,0,16649,491,691,129,182,729,100,42
319,184,0,16648,490,692,129,182,729,100,42
320,184,0,16648,490,692,129,182,729,100,42
321,186,0,16646,490,692,129,182,729,100,42
322,187,0,16645,490,692,129,182,729,100,42
323,188,0,16644,490,692,130,181,729,100,42
324,189,0,16643,490,692,130,181,729,100,42
325,190,0,16642,490,692,130,181,729,100,42
326,190,0,16642,490,692,130,181,729,100,42
327,191,0,16641,490,692,130,181,729,100,42
328,191,0,16641,490,692,130,181,729,100,42
329,191,0,16641,490,692,130,181,729,100,42
330,192,0,16640,490,692,130,181,729,100,42
331,191,0,16641,490,692,130,181,729,100,42
332,190,0,16642,490,692,130,181,729,100,42
333,191,0,16641,490,692,130,181,729,100,42
334,191,0,16641,490,692,130,181,729,100,42
335,191,0,16641,490,692,130,181,729,100,42
336,191,0,16641,490,692,130,181,729,100,42
337,193,0,16639,490,692,130,181,729,100,42
338,195,0,16637,489,693,130,181,729,100,42
339,195,0,16637,489,693,130,181,729,100,42
340,195,0,16637,489,693,130,181,729,100,42
341,197,0,16635,489,693,130,181,729,100,42
342,198,0,16634,488,694,130,181,729,100,42
343,198,0,16634,488,694,130,181,729,100,42
344,198,0,16634,488,694,130,181,729,100,42
345,198,0,16634,488,694,130,181,729,100,42
346,199,0,16633,488,694,130,181,729,100,42
347,199,0,16633,488,694,130,181,729,100,42
348,199,0,16633,488,694,130,181,729,99,43
349,199,0,16633,488,694,130,181,729,99,43
350,200,0,16632,488,694,130,181,729,99,43
351,200,0,16632,488,694,130,181,729,99,43
352,200,0,16632,488,694,130,181,729,99,43
353,201,0,16631,488,694,130,181,730,98,43
354,201,0,16631,488,694,130,181,730,98,43
355,201,0,16631,488,694,130,181,730,98,43
356,204,0,16628,488,694,130,181,730,98,43
357,205,0,16627,488,694,131,180,730,98,43
358,206,0,16626,488,694,131,180,730,98,43
359,206,0,16626,488,694,131,180,730,98,43
360,206,0,16626,488,694,131,180,730,98,43
361,207,0,16625,488,694,131,180,730,98,43
362,207,0,16625,488,694,131,180,730,98,43
363,208,0,16624,489,693,131,181,729,98,43
364,208,0,16624,489,693,131,181,729,98,43
365,211,0,16621,490,692,132,181,728,98,43
366,211,0,16621,490,692,132,181,728,98,43
367,213,0,16619,490,692,132,181,728,98,43
368,214,0,16618,490,692,132,181,728,98,43
369,215,0,16617,490,692,132,181,728,98,43
370,215,0,16617,490,692,132,181,728,98,43
371,215,0,16617,490,692,132,181,728,98,43
372,215,0,16617,490,692,132,181,728,98,43
373,216,0,16616,491,691,132,182,727,98,43
374,216,0,16616,491,691,132,182,727,98,43
375,215,0,16617,490,692,132,181,728,98,43
376,215,0,16617,490,692,132,181,728,98,43
377,215,0,16617,490,692,132,181,728,98,43
378,216,0,16616,490,692,132,181,728,98,43
379,218,0,16614,490,692,133,180,728,98,43
380,218,0,16614,490,692,133,180,728,98,43
381,219,0,16613,490,692,133,180,728,98,43
382,219,0,16613,490,692,133,180,728,98,43
383,219,0,16613,490,692,133,180,728,98,43
384,221,0,16611,490,692,133,180,728,98,43
385,220,0,16612,489,693,133,179,729,98,43
386,220,0,16612,489,693,133,179,729,98,43
387,221,0,16611,489,693,133,179,729,98,43
388,221,0,16611,489,693,133,179,729,98,43
389,222,0,16610,489,693,134,178,729,98,43
390,222,0,16610,489,693,134,178,729,98,43
391,222,0,16610,489,693,134,178,729,98,43
392,221,0,16611,489,693,134,178,729,98,43
393,221,0,16611,489,693,134,178,729,98,43
394,221,0,16611,489,693,134,178,729,98,43
395,222,0,16610,489,693,134,178,729,98,43
396,223,0,16609,490,692,134,179,728,98,43
397,223,0,16609,490,692,134,179,728,98,43
398,224,0,16608,490,692,134,179,728,98,43
399,224,0,16608,490,692,134,179,728,98,43
400,224,0,16608,490,692,134,179,728,98,43
401,224,0,16608,490,692,134,179,728,98,43
402,225,0,16607,491,691,134,180,727,98,43
403,225,0,16607,491,691,134,180,727,98,43
404,225,0,16607,491,691,134,180,727,98,43
405,228,0,16604,491,691,134,180,727,98,43
406,230,0,16602,491,691,134,180,727,98,43
407,231,0,16601,491,691,134,180,727,98,43
408,231,0,16601,491,691,134,180,727,98,43
409,231,0,16601,491,691,134,180,727,98,43
410,232,0,16600,491,691,134,180,727,98,43
411,232,0,16600,491,691,134,180,727,98,43
412,232,0,16600,491,691,134,180,727,98,43
413,234,0,16598,491,691,135,179,727,98,43
414,234,0,16598,491,691,135,179,727,98,43
415,234,0,16598,491,691,135,179,727,98,43
416,234,0,16598,491,691,135,179,727,98,43
417,233,0,16599,491,691,134,180,727,98,43
418,234,0,16598,491,691,134,181,726,98,43
419,235,0,16597,491,691,134,181,726,98,43
420,235,0,16597,491,691,134,181,726,98,43
421,236,0,16596,491,691,134,181,726,98,43
422,237,0,16595,491,691,134,181,726,98,43
423,239,0,16593,491,691,135,180,726,98,43
424,240,0,16592,491,691,135,180,726,98,43
425,240,0,16592,491,691,135,180,726,98,43
426,241,0,16591,491,691,135,180,726,98,43
427,241,0,16591,491,691,135,180,726,98,43
428,242,0,16590,490,692,135,180,726,98,43
429,242,0,16590,490,692,135,180,726,98,43
430,243,0,16589,490,692,135,180,726,98,43
431,244,0,16588,490,692,135,180,726,98,43
432,246,0,16586,490,692,135,180,726,98,43
433,246,0,16586,490,692,135,180,726,98,43
434,246,0,16586,490,692,135,180,726,98,43
435,247,0,16585,490,692,135,180,726,98,43
436,249,0,16583,490,692,135,180,727,97,43
437,249,0,16583,490,692,135,180,727,97,43
438,249,0,16583,490,692,135,180,727,97,43
439,249,0,16583,490,692,135,180,727,97,43
440,250,0,16582,490,692,135,180,727,97,43
441,251,0,16581,490,692,135,180,727,97,43
442,252,0,16580,490,692,135,180,727,97,43
443,252,0,16580,490,692,135,180,727,97,43
444,253,0,16579,490,692,136,179,727,97,43
445,252,0,16580,490,692,136,179,727,97,43
446,252,0,16580,490,692,136,179,727,97,43
447,252,0,16580,490,692,136,179,727,97,43
448,253,0,16579,490,692,136,179,727,97,43
449,254,0,16578,490,692,136,179,727,97,43
450,254,0,16578,490,692,136,179,727,97,43
451,255,0,16577,490,692,136,179,727,97,43
452,255,0,16577,490,692,136,179,727,97,43
453,255,0,16577,490,692,136,179,727,97,43
454,255,0,16577,490,692,136,179,727,97,43
455,256,0,16576,490,692,136,179,727,97,43
456,257,0,16575,490,692,136,179,727,97,43
457,259,0,16573,490,692,136,179,727,97,43
458,258,0,16574,490,692,136,179,727,97,43
459,258,0,16574,490,692,136,179,727,97,43
460,258,0,16574,490,692,136,179,727,97,43
461,258,0,16574,490,692,136,179,727,97,43
462,258,0,16574,490,692,136,179,727,97,43
463,257,0,16575,490,692,135,180,727,97,43
464,258,0,16574,490,692,135,180,727,97,43
465,257,0,16575,490,692,135,180,727,97,43
466,257,0,16575,490,692,135,180,727,97,43
467,257,0,16575,490,692,135,180,727,97,43
468,259,0,16573,490,692,135,180,727,97,43
469,260,0,16572,490,692,135,180,727,97,43
470,261,0,16571,490,692,135,180,727,97,43
471,262,0,16570,490,692,136,179,727,97,43
472,262,0,16570,490,692,136,179,727,97,43
473,263,0,16569,491,691,136,180,726,97,43
474,264,0,16568,491,691,136,180,726,97,43
475,265,0,16567,491,691,138,178,726,97,43
476,264,0,16568,491,691,138,178,726,97,43
477,265,0,16567,491,691,139,177,726,97,43
478,265,0,16567,491,691,139,177,726,97,43
479,265,0,16567,491,691,139,177,726,97,43
480,265,0,16567,491,691,139,177,726,97,43
481,268,0,16564,491,691,139,177,726,98,42
482,270,0,16562,491,691,139,177,726,98,42
483,271,0,16561,492,690,139,178,725,98,42
484,271,0,16561,492,690,139,178,725,98,42
485,271,0,16561,492,690,139,178,725,98,42
486,272,0,16560,491,691,139,178,725,98,42
487,272,0,16560,491,691,139,178,725,98,42
488,272,0,16560,491,691,139,178,725,99,41
489,273,0,16559,491,691,139,178,725,99,41
490,273,0,16559,491,691,139,178,725,99,41
491,273,0,16559,491,691,139,178,725,99,41
492,273,0,16559,491,691,139,178,725,99,41
493,274,0,16558,491,691,139,178,725,99,41
494,274,0,16558,491,691,139,178,725,99,41
495,274,0,16558,491,691,139,178,725,99,41
496,274,0,16558,491,691,139,178,725,99,41
497,274,0,16558,491,691,139,178,725,99,41
498,276,0,16556,491,691,139,178,725,100,40
499,277,0,16555,492,690,139,179,724,100,40
500,278,0,16554,492,690,139,179,724,100,40
501,278,0,16554,492,690,139,179,724,100,40
502,278,0,16554,491,691,139,178,725,100,40
503,279,0,16553,492,690,139,179,724,100,40
504,279,0,16553,492,690,139,179,724,100,40
505,279,0,16553,492,690,139,179,724,100,40
506,279,0,16553,492,690,139,179,724,100,40
507,280,0,16552,492,690,139,179,724,100,40
508,282,0,16550,492,690,140,178,724,100,40
509,282,0,16550,492,690,140,178,724,100,40
510,284,0,16548,492,690,140,178,724,100,40
511,283,0,16549,492,690,140,178,724,100,40
512,283,0,16549,492,690,140,178,724,100,40
513,283,0,16549,492,690,140,178,724,100,40
514,284,0,16548,492,690,140,178,724,100,40
515,285,0,16547,492,690,140,178,724,100,40
516,285,0,16547,492,690,140,178,724,100,40
517,285,0,16547,492,690,140,178,724,100,40
518,285,0,16547,492,690,140,178,724,100,40
519,286,0,16546,492,690,139,179,725,99,40
520,286,0,16546,492,690,139,179,725,99,40
521,287,0,16545,492,690,139,179,725,99,40
522,290,0,16542,492,690,139,179,725,99,40
523,290,0,16542,492,690,139,179,725,99,40
524,290,0,16542,492,690,140,178,725,99,40
525,291,0,16541,492,690,140,178,725,100,39
526,293,0,16539,492,690,140,178,725,100,39
527,294,0,16538,492,690,140,178,725,100,39
528,294,0,16538,492,690,140,178,725,100,39
529,294,0,16538,492,690,140,178,725,100,39
530,294,0,16538,492,690,140,178,725,100,39
531,296,0,16536,492,690,140,178,726,99,39
532,296,0,16536,492,690,140,178,726,99,39
533,297,0,16535,492,690,140,178,726,100,38
534,298,0,16534,492,690,140,178,726,100,38
535,298,0,16534,492,690,140,178,726,100,38
536,297,0,16535,492,690,139,179,726,100,38
537,297,0,16535,492,690,139,179,726,100,38
538,297,0,16535,492,690,139,179,726,100,38
539,297,0,16535,492,690,139,179,726,100,38
540,297,0,16535,492,690,139,179,726,100,38
541,297,0,16535,492,690,139,179,726,100,38
542,297,0,16535,492,690,139,179,726,100,38
543,298,0,16534,492,690,139,179,726,100,38
544,299,0,16533,492,690,139,179,726,100,38
545,298,0,16534,491,691,139,178,727,100,38
546,296,0,16536,491,691,139,178,727,100,38
547,297,0,16535,491,691,139,178,727,100,38
548,297,0,16535,491,691,139,178,727,100,38
549,296,0,16536,491,691,139,178,727,100,38
550,296,0,16536,491,691,139,178,727,100,38
551,295,0,16537,491,691,139,177,728,100,38
552,294,0,16538,491,691,139,177,728,100,38
553,295,0,16537,491,691,139,177,728,100,38
554,295,0,16537,491,691,139,177,728,100,38
555,296,0,16536,491,691,139,177,729,99,38
556,295,0,16537,491,691,139,177,729,99,38
557,295,0,16537,491,691,139,177,728,100,38
558,294,0,16538,491,691,139,177,728,100,38
559,293,0,16539,491,691,139,177,728,100,38
560,294,0,16538,491,691,139,177,728,100,38
561,294,0,16538,491,691,139,177,728,100,38
562,295,0,16537,491,691,139,177,728,100,38
563,296,0,16536,492,690,139,178,727,100,38
564,300,0,16532,492,690,140,177,727,100,38
565,302,0,16530,492,690,140,177,727,100,38
566,303,0,16529,492,690,140,177,727,100,38
567,303,0,16529,492,690,140,177,727,100,38
568,304,0,16528,492,690,140,177,727,100,38
569,306,0,16526,492,690,140,177,728,99,38
570,306,0,16526,492,690,140,177,728,99,38
571,305,0,16527,492,690,140,177,728,99,38
572,305,0,16527,492,690,140,177,728,99,38
573,306,0,16526,492,690,140,177,728,99,38
574,306,0,16526,492,690,140,177,728,99,38
575,307,0,16525,492,690,140,177,728,99,38
576,307,0,16525,492,690,141,176,728,99,38
577,307,0,16525,492,690,141,176,728,99,38
578,307,0,16525,492,690,141,176,728,99,38
579,307,0,16525,492,690,141,176,728,99,38
580,307,0,16525,492,690,141,176,728,99,38
581,306,0,16526,492,690,141,176,728,99,38
582,306,0,16526,492,690,141,176,728,99,38
583,308,0,16524,492,690,141,176,728,99,38
584,310,0,16522,492,690,142,175,728,100,37
585,310,0,16522,492,690,142,175,728,100,37
586,311,0,16521,492,690,142,175,728,100,37
587,311,0,16521,492,690,142,175,728,100,37
588,310,0,16522,492,690,142,175,728,100,37
589,311,0,16521,492,690,142,175,728,100,37
590,313,0,16519,492,690,142,175,728,100,37
591,314,0,16518,492,690,142,175,728,100,37
592,315,0,16517,492,690,142,175,728,100,37
593,315,0,16517,492,690,142,175,728,100,37
594,315,0,16517,492,690,142,175,728,100,37
595,315,0,16517,492,690,142,175,728,100,37
596,315,0,16517,492,690,142,175,728,100,37
597,316,0,16516,492,690,142,175,728,100,37
598,318,0,16514,492,690,142,175,728,100,37
599,319,0,16513,493,689,142,176,727,100,37
600,320,0,16512,493,689,142,176,727,100,37
601,320,0,16512,493,689,142,176,727,100,37
602,320,0,16512,493,689,142,176,727,100,37
603,321,0,16511,493,689,143,175,727,100,37
604,320,0,16512,493,689,143,175,727,100,37
605,320,0,16512,493,689,143,175,727,100,37
606,320,0,16512,493,689,143,175,727,100,37
607,320,0,16512,493,689,143,175,727,100,37
608,322,0,16510,493,689,144,174,727,100,37
609,324,0,16508,493,689,144,174,727,100,37
610,325,0,16507,493,689,144,174,727,100,37
611,325,0,16507,493,689,144,174,727,100,37
612,328,0,16504,493,689,145,173,727,100,37
613,328,0,16504,493,689,145,173,727,100,37
614,329,0,16503,493,689,146,172,727,100,37
615,328,0,16504,493,689,146,172,727,100,37
616,329,0,16503,493,689,146,172,727,100,37
617,330,0,16502,493,689,146,172,727,100,37
618,331,0,16501,492,690,146,172,727,100,37
619,331,0,16501,491,691,146,172,727,100,37
620,331,0,16501,491,691,146,172,727,100,37
621,331,0,16501,491,691,146,172,727,100,37
622,331,0,16501,491,691,146,172,727,100,37
623,332,0,16500,491,691,146,172,727,100,37
624,333,0,16499,491,691,146,172,727,101,36
625,332,0,16500,491,691,146,172,727,101,36
626,332,0,16500,491,691,146,172,727,101,36
627,331,0,16501,491,691,146,172,727,101,36
628,331,0,16501,491,691,146,172,727,101,36
629,331,0,16501,491,691,146,172,728,100,36
630,331,0,16501,491,691,146,172,728,100,36
631,332,0,16500,491,691,146,172,728,100,36
632,332,0,16500,491,691,146,172,728,100,36
633,333,0,16499,491,691,147,171,728,100,36
634,333,0,16499,491,691,147,171,728,100,36
635,334,0,16498,490,692,147,171,728,100,36
636,333,0,16499,490,692,146,172,728,100,36
637,334,0,16498,490,692,146,172,728,100,36
638,336,0,16496,490,692,146,172,728,100,36
639,336,0,16496,490,692,146,172,728,100,36
640,336,0,16496,490,692,146,172,728,100,36
641,335,0,16497,490,692,146,172,728,100,36
642,336,0,16496,491,691,146,173,727,100,36
643,335,0,16497,491,691,146,173,727,100,36
644,335,0,16497,491,691,146,173,727,100,36
645,335,0,16497,491,691,146,173,727,100,36
646,335,0,16497,491,691,146,173,727,100,36
647,335,0,16497,491,691,146,173,727,100,36
648,335,0,16497,491,691,146,173,727,100,36
649,335,0,16497,491,691,146,173,727,100,36
650,335,0,16497,491,691,146,173,727,100,36
651,336,0,16496,492,690,146,174,726,100,36
652,336,0,16496,492,690,146,174,726,100,36
653,336,0,16496,492,690,146,174,726,100,36
654,336,0,16496,492,690,146,174,726,100,36
655,337,0,16495,492,690,147,173,726,100,36
656,337,0,16495,492,690,147,173,726,100,36
657,337,0,16495,492,690,147,173,726,100,36
658,337,0,16495,492,690,147,173,726,100,36
659,337,0,16495,492,690,147,173,726,100,36
660,338,0,16494,492,690,147,173,726,100,36
661,338,0,16494,492,690,147,173,726,100,36
662,338,0,16494,492,690,147,173,726,100,36
663,337,0,16495,492,690,146,174,726,100,36
664,337,0,16495,492,690,146,174,726,100,36
665,337,0,16495,492,690,146,174,726,100,36
666,339,0,16493,491,691,147,173,726,100,36
667,340,0,16492,491,691,146,174,726,100,36
668,341,0,16491,491,691,146,174,726,100,36
669,341,0,16491,491,691,146,174,726,100,36
670,339,0,16493,491,691,145,175,726,100,36
671,339,0,16493,491,691,145,175,726,100,36
672,339,0,16493,491,691,145,175,726,100,36
673,338,0,16494,491,691,145,175,726,100,36
674,339,0,16493,491,691,145,175,726,100,36
675,338,0,16494,491,691,145,175,726,100,36
676,339,0,16493,491,691,145,175,726,100,36
677,339,0,16493,491,691,145,175,726,100,36
678,341,0,16491,491,691,144,176,726,100,36
679,340,0,16492,491,691,144,176,726,100,36
680,340,0,16492,491,691,144,176,726,100,36
681,340,0,16492,491,691,144,176,726,100,36
682,340,0,16492,491,691,144,176,726,100,36
683,341,0,16491,491,691,144,176,726,100,36
684,342,0,16490,491,691,144,176,726,100,36
685,342,0,16490,491,691,144,176,726,100,36
686,341,0,16491,490,692,144,175,727,100,36
687,340,0,16492,489,693,144,174,728,100,36
688,340,0,16492,489,693,144,174,728,100,36
689,339,0,16493,489,693,143,175,728,100,36
690,339,0,16493,489,693,143,175,728,100,36
691,338,0,16494,489,693,142,176,728,100,36
692,339,0,16493,489,693,142,176,728,100,36
693,338,0,16494,489,693,142,176,728,100,36
694,338,0,16494,489,693,142,176,728,100,36
695,338,0,16494,489,693,142,176,728,100,36
696,339,0,16493,489,693,142,176,728,100,36
697,340,0,16492,489,693,143,175,728,100,36
698,339,0,16493,489,693,143,175,728,100,36
699,339,0,16493,489,693,143,175,728,100,36
700,339,0,16493,489,693,143,175,728,100,36
701,339,0,16493,489,693,142,176,728,100,36
702,338,0,16494,489,693,142,176,728,100,36
703,338,0,16494,489,693,142,176,728,100,36
704,337,0,16495,489,693,142,176,727,101,36
705,339,0,16493,489,693,142,176,728,100,36
706,339,0,16493,489,693,142,176,728,100,36
707,339,0,16493,489,693,142,176,728,100,36
708,339,0,16493,489,693,142,176,728,100,36
709,340,0,16492,489,693,142,176,728,100,36
710,340,0,16492,489,693,142,176,728,100,36
711,341,0,16491,489,693,142,176,728,100,36
712,339,0,16493,489,693,141,176,729,100,36
713,340,0,16492,489,693,141,176,729,100,36
714,339,0,16493,489,693,141,176,729,100,36
715,338,0,16494,489,693,141,176,729,100,36
716,337,0,16495,489,693,141,176,729,100,36
717,338,0,16494,489,693,142,175,730,99,36
718,337,0,16495,488,694,143,173,731,99,36
719,338,0,16494,488,694,143,173,731,99,36
720,338,0,16494,488,694,143,173,731,99,36
721,338,0,16494,488,694,143,173,731,99,36
722,340,0,16492,489,693,143,173,731,99,36
723,339,0,16493,489,693,143,173,731,99,36
724,340,0,16492,489,693,143,173,731,99,36
725,340,0,16492,489,693,143,173,731,99,36
726,340,0,16492,489,693,143,173,731,99,36
727,340,0,16492,489,693,143,173,731,99,36
728,339,0,16493,488,694,143,173,731,99,36
729,339,0,16493,488,694,143,173,731,99,36
730,339,0,16493,488,694,143,173,731,99,36
731,338,0,16494,488,694,143,173,731,99,36
732,340,0,16492,488,694,143,173,731,99,36
733,340,0,16492,488,694,143,173,731,99,36
734,340,0,16492,488,694,143,173,731,99,36
735,341,0,16491,488,694,143,173,731,99,36
736,341,0,16491,488,694,143,173,731,99,36
737,342,0,16490,488,694,143,173,731,99,36
738,343,0,16489,487,695,143,173,731,99,36
739,344,0,16488,487,695,143,173,731,99,36
740,345,0,16487,487,695,143,174,730,99,36
741,345,0,16487,487,695,143,174,730,99,36
742,346,0,16486,487,695,143,174,730,99,36
743,346,0,16486,487,695,143,174,730,99,36
744,347,0,16485,487,695,143,174,730,99,36
745,347,0,16485,487,695,143,174,730,99,36
746,348,0,16484,487,695,143,174,730,99,36
747,348,0,16484,487,695,143,174,730,99,36
748,348,0,16484,487,695,143,174,730,99,36
749,348,0,16484,487,695,143,174,730,99,36
750,349,0,16483,487,695,143,174,730,99,36
751,349,0,16483,487,695,143,174,730,99,36
752,349,0,16483,487,695,143,174,730,99,36
753,349,0,16483,487,695,143,174,730,99,36
754,348,0,16484,486,696,142,174,731,99,36
755,348,0,16484,486,696,142,174,731,99,36
756,349,0,16483,486,696,142,174,731,99,36
757,350,0,16482,486,696,142,174,731,99,36
758,349,0,16483,487,695,142,174,731,99,36
759,350,0,16482,487,695,142,174,731,99,36
760,350,0,16482,487,695,142,174,731,99,36
761,350,0,16482,487,695,142,174,731,99,36
762,350,0,16482,487,695,142,174,731,99,36
763,349,0,16483,487,695,142,174,731,99,36
764,349,0,16483,487,695,142,174,731,99,36
765,351,0,16481,487,695,142,174,731,99,36
766,351,0,16481,487,695,142,174,731,99,36
767,352,0,16480,487,695,142,174,731,99,36
768,352,0,16480,487,695,142,174,731,99,36
769,352,0,16480,487,695,142,174,731,99,36
770,351,0,16481,486,696,141,174,732,99,36
771,350,0,16482,486,696,141,173,733,99,36
772,350,0,16482,486,696,141,173,733,99,36
773,350,0,16482,486,696,141,173,733,99,36
774,351,0,16481,486,696,141,173,733,99,36
775,351,0,16481,486,696,141,173,733,99,36
776,351,0,16481,486,696,141,173,733,99,36
777,352,0,16480,486,696,141,173,733,99,36
778,352,0,16480,486,696,141,173,733,99,36
779,352,0,16480,486,696,141,173,733,99,36
780,353,0,16479,486,696,141,173,733,99,36
781,354,0,16478,486,696,141,173,733,99,36
782,354,0,16478,486,696,141,173,733,99,36
783,353,0,16479,486,696,140,174,733,99,36
784,354,0,16478,486,696,140,174,733,100,35
785,353,0,16479,486,696,140,174,733,100,35
786,354,0,16478,486,696,140,174,733,100,35
787,354,0,16478,486,696,140,174,733,100,35
788,354,0,16478,486,696,140,174,733,100,35
789,354,0,16478,486,696,140,174,733,100,35
790,354,0,16478,486,696,140,174,733,100,35
791,355,0,16477,486,696,140,174,733,100,35
792,355,0,16477,486,696,140,174,733,100,35
793,354,0,16478,486,696,140,174,733,100,35
794,353,0,16479,486,696,140,174,733,100,35
795,354,0,16478,486,696,140,174,733,100,35
796,352,0,16480,485,697,139,174,734,100,35
797,351,0,16481,485,697,139,174,733,101,35
798,352,0,16480,485,697,139,174,733,101,35
799,352,0,16480,485,697,139,174,733,101,35
800,354,0,16478,485,697,139,174,733,101,35
801,355,0,16477,485,697,139,174,733,101,35
802,355,0,16477,485,697,139,174,733,101,35
803,356,0,16476,485,697,139,174,733,101,35
804,357,0,16475,485,697,139,174,733,101,35
805,357,0,16475,485,697,139,174,733,101,35
806,357,0,16475,485,697,139,174,733,101,35
807,357,0,16475,485,697,139,174,733,101,35
808,357,0,16475,485,697,139,174,733,101,35
809,357,0,16475,484,698,139,174,733,101,35
810,356,0,16476,484,698,139,174,733,101,35
811,355,0,16477,484,698,139,174,733,100,36
812,355,0,16477,484,698,139,174,733,100,36
813,355,0,16477,484,698,139,174,733,100,36
814,355,0,16477,484,698,139,174,733,100,36
815,354,0,16478,484,698,139,174,733,100,36
816,354,0,16478,484,698,139,174,733,100,36
817,353,0,16479,484,698,138,175,733,100,36
818,352,0,16480,484,698,138,175,733,100,36
819,353,0,16479,484,698,138,175,733,100,36
820,353,0,16479,484,698,138,175,733,100,36
821,353,0,16479,484,698,138,175,733,100,36
822,354,0,16478,484,698,138,175,733,100,36
823,354,0,16478,484,698,138,175,733,100,36
824,353,0,16479,484,698,138,175,733,100,36
825,353,0,16479,484,698,138,175,733,100,36
826,353,0,16479,484,698,138,175,733,100,36
827,353,0,16479,484,698,138,175,733,100,36
828,353,0,16479,484,698,138,175,733,100,36
829,353,0,16479,484,698,138,175,733,100,36
830,353,0,16479,484,698,138,175,733,100,36
831,352,0,16480,484,698,138,175,733,100,36
832,352,0,16480,484,698,138,175,733,100,36
833,352,0,16480,484,698,138,175,733,100,36
834,352,0,16480,484,698,138,175,733,100,36
835,352,0,16480,484,698,138,175,733,100,36
836,353,0,16479,484,698,138,175,733,100,36
837,353,0,16479,484,698,138,175,733,100,36
838,353,0,16479,484,698,138,175,733,100,36
839,352,0,16480,484,698,136,177,733,100,36
840,350,0,16482,484,698,135,178,733,100,36
841,350,0,16482,484,698,136,177,733,100,36
842,350,0,16482,484,698,136,177,733,100,36
843,351,0,16481,484,698,136,177,733,100,36
844,351,0,16481,484,698,136,177,733,100,36
845,350,0,16482,484,698,136,177,733,100,36
846,350,0,16482,484,698,136,177,733,100,36
847,350,0,16482,484,698,136,177,733,100,36
848,350,0,16482,484,698,136,177,733,100,36
849,351,0,16481,484,698,136,177,733,100,36
850,351,0,16481,484,698,136,177,733,100,36
851,352,0,16480,484,698,136,177,733,100,36
852,352,0,16480,484,698,136,177,733,100,36
853,352,0,16480,484,698,136,177,733,100,36
854,352,0,16480,484,698,136,177,733,100,36
855,352,0,16480,484,698,136,177,733,100,36
856,350,0,16482,484,698,135,178,733,99,37
857,351,0,16481,484,698,135,178,733,99,37
858,352,0,16480,484,698,135,178,733,99,37
859,352,0,16480,484,698,135,178,733,99,37
860,352,0,16480,484,698,135,178,733,99,37
861,352,0,16480,484,698,135,178,733,99,37
862,353,0,16479,484,698,135,178,733,99,37
863,353,0,16479,484,698,135,178,733,99,37
864,352,0,16480,484,698,134,179,733,99,37
865,354,0,16478,484,698,135,178,733,99,37
866,354,0,16478,484,698,135,178,733,99,37
867,354,0,16478,484,698,135,178,733,99,37
868,355,0,16477,484,698,135,178,733,99,37
869,355,0,16477,484,698,135,178,733,99,37
870,355,0,16477,484,698,135,178,733,99,37
871,355,0,16477,484,698,135,178,733,99,37
872,355,0,16477,484,698,135,178,733,99,37
873,353,0,16479,484,698,135,178,733,99,37
874,352,0,16480,484,698,135,178,733,99,37
875,351,0,16481,484,698,135,178,733,99,37
876,352,0,16480,484,698,135,178,733,99,37
877,352,0,16480,484,698,135,178,733,99,37
878,351,0,16481,484,698,135,178,733,99,37
879,352,0,16480,484,698,135,178,733,99,37
880,354,0,16478,484,698,135,178,733,99,37
881,354,0,16478,484,698,135,178,733,99,37
882,354,0,16478,484,698,135,178,733,99,37
883,355,0,16477,484,698,135,178,733,99,37
884,355,0,16477,484,698,135,178,733,99,37
885,355,0,16477,484,698,135,178,733,99,37
886,356,0,16476,484,698,135,178,733,99,37
887,357,0,16475,485,697,135,179,732,99,37
888,358,0,16474,485,697,135,179,732,99,37
889,359,0,16473,485,697,135,179,732,99,37
890,359,0,16473,485,697,135,179,732,99,37
891,361,0,16471,485,697,135,179,732,99,37
892,361,0,16471,485,697,135,179,732,99,37
893,362,0,16470,485,697,135,179,732,99,37
894,362,0,16470,485,697,135,179,732,99,37
895,362,0,16470,485,697,135,179,732,99,37
896,362,0,16470,484,698,135,178,733,99,37
897,364,0,16468,484,698,135,178,733,99,37
898,365,0,16467,484,698,135,178,733,99,37
899,365,0,16467,484,698,135,178,733,99,37
900,365,0,16467,484,698,135,178,733,99,37
901,365,0,16467,484,698,135,178,733,99,37
902,365,0,16467,484,698,135,178,733,99,37
903,366,0,16466,484,698,135,178,733,99,37
904,367,0,16465,484,698,135,178,733,99,37
905,368,0,16464,484,698,136,177,733,99,37
906,368,0,16464,484,698,136,177,733,99,37
907,368,0,16464,484,698,136,177,733,99,37
908,368,0,16464,484,698,136,177,733,99,37
909,368,0,16464,484,698,136,177,733,99,37
910,369,0,16463,484,698,136,177,733,99,37
911,369,0,16463,484,698,136,177,733,99,37
912,369,0,16463,484,698,136,177,733,99,37
913,370,0,16462,484,698,136,177,733,99,37
914,370,0,16462,484,698,136,177,733,99,37
915,372,0,16460,484,698,136,177,733,99,37
916,372,0,16460,484,698,136,177,733,99,37
917,375,0,16457,484,698,137,176,733,99,37
918,375,0,16457,484,698,137,176,733,99,37
919,376,0,16456,484,698,137,176,733,99,37
920,376,0,16456,484,698,137,176,733,99,37
921,375,0,16457,484,698,137,176,733,99,37
922,376,0,16456,484,698,137,176,733,99,37
923,375,0,16457,484,698,137,176,733,99,37
924,377,0,16455,484,698,137,176,733,99,37
925,377,0,16455,484,698,137,176,733,99,37
926,377,0,16455,484,698,137,176,733,99,37
927,377,0,16455,484,698,137,176,733,99,37
928,377,0,16455,484,698,137,176,733,99,37
929,377,0,16455,484,698,137,176,733,99,37
930,377,0,16455,484,698,137,176,733,99,37
931,376,0,16456,484,698,136,177,733,99,37
932,377,0,16455,484,698,136,177,733,99,37
933,378,0,16454,484,698,136,177,733,99,37
934,377,0,16455,484,698,135,178,733,99,37
935,378,0,16454,484,698,135,178,733,99,37
936,378,0,16454,484,698,135,178,733,99,37
937,378,0,16454,484,698,135,178,733,99,37
938,378,0,16454,484,698,135,178,733,99,37
939,379,0,16453,484,698,135,178,733,99,37
940,379,0,16453,484,698,135,178,733,99,37
941,379,0,16453,484,698,135,178,733,99,37
942,379,0,16453,484,698,135,178,733,99,37
943,381,0,16451,484,698,135,178,733,99,37
944,383,0,16449,485,697,135,179,732,99,37
945,386,0,16446,485,697,135,179,732,99,37
946,386,0,16446,485,697,135,179,732,99,37
947,386,0,16446,485,697,135,179,732,99,37
948,386,0,16446,485,697,135,179,732,99,37
949,385,0,16447,485,697,135,179,732,99,37
950,386,0,16446,485,697,135,179,732,99,37
951,386,0,16446,484,698,134,179,733,99,37
952,387,0,16445,484,698,134,179,733,99,37
953,388,0,16444,484,698,134,179,733,99,37
954,389,0,16443,484,698,134,179,733,99,37
955,391,0,16441,485,697,134,180,732,99,37
956,392,0,16440,486,696,134,181,731,99,37
957,392,0,16440,486,696,134,181,731,99,37
958,394,0,16438,486,696,135,180,731,99,37
959,394,0,16438,486,696,135,180,731,99,37
960,395,0,16437,486,696,135,180,731,99,37
961,395,0,16437,486,696,135,180,731,99,37
962,395,0,16437,486,696,135,180,731,99,37
963,395,0,16437,486,696,135,180,731,99,37
964,395,0,16437,486,696,135,180,731,99,37
965,395,0,16437,486,696,135,180,731,99,37
966,397,0,16435,486,696,135,180,731,99,37
967,397,0,16435,486,696,135,180,731,99,37
968,397,0,16435,486,696,135,180,731,99,37
969,397,0,16435,486,696,135,180,731,99,37
970,396,0,16436,487,695,135,180,730,100,37
971,396,0,16436,487,695,135,180,730,100,37
972,397,0,16435,487,695,135,180,730,100,37
973,395,0,16437,487,695,135,180,730,100,37
974,396,0,16436,487,695,135,180,730,100,37
975,397,0,16435,487,695,136,179,730,100,37
976,398,0,16434,487,695,136,179,730,100,37
977,397,0,16435,487,695,136,179,730,100,37
978,397,0,16435,487,695,136,179,730,100,37
979,397,0,16435,487,695,135,180,730,100,37
980,399,0,16433,487,695,135,180,730,100,37
981,400,0,16432,487,695,135,180,730,100,37
982,400,0,16432,487,695,135,180,730,100,37
983,400,0,16432,487,695,135,180,730,100,37
984,401,0,16431,487,695,135,180,730,100,37
985,401,0,16431,487,695,135,180,730,100,37
986,401,0,16431,487,695,135,180,730,100,37
987,402,0,16430,487,695,136,179,730,100,37
988,402,0,16430,487,695,136,179,730,100,37
989,403,0,16429,487,695,136,179,730,100,37
990,403,0,16429,487,695,136,179,730,100,37
991,403,0,16429,487,695,136,179,730,100,37
992,403,0,16429,488,694,136,179,730,100,37
993,403,0,16429,488,694,136,179,730,100,37
994,404,0,16428,488,694,136,179,730,100,37
995,402,0,16430,488,694,136,179,730,100,37
996,403,0,16429,488,694,137,178,730,100,37
997,403,0,16429,488,694,137,178,730,100,37
998,404,0,16428,488,694,137,178,730,100,37
999,403,0,16429,487,695,137,177,731,100,37
1000,403,0,16429,487,695,136,178,731,100,37
1001,403,0,16429,487,695,136,178,731,100,37
1002,406,0,16426,487,695,136,178,731,100,37
1003,406,0,16426,487,695,136,178,731,100,37
1004,405,0,16427,487,695,135,179,731,100,37
1005,406,0,16426,487,695,136,178,731,100,37
1006,406,0,16426,487,695,136,178,731,100,37
1007,405,0,16427,487,695,136,178,731,100,37
1008,406,0,16426,487,695,136,178,731,100,37
1009,406,0,16426,487,695,136,178,731,100,37
1010,406,0,16426,487,695,136,178,731,100,37
1011,407,0,16425,487,695,136,178,731,100,37
1012,407,0,16425,487,695,136,178,731,100,37
1013,406,0,16426,487,695,136,178,731,100,37
1014,407,0,16425,487,695,136,178,731,100,37
1015,405,0,16427,487,695,136,178,731,100,37
1016,406,0,16426,487,695,136,178,731,100,37
1017,406,0,16426,487,695,136,178,731,100,37
1018,408,0,16424,487,695,136,178,731,100,37
1019,408,0,16424,487,695,136,178,731,100,37
1020,408,0,16424,487,695,136,178,731,100,37
1021,408,0,16424,487,695,136,178,731,100,37
1022,406,0,16426,486,696,136,177,732,100,37
1023,406,0,16426,486,696,136,177,732,100,37
1024,407,0,16425,486,696,136,177,732,100,37
1025,407,0,16425,486,696,136,177,732,100,37
1026,407,0,16425,486,696,136,177,732,100,37
1027,406,0,16426,486,696,136,177,732,100,37
1028,408,0,16424,486,696,136,177,732,101,36
1029,407,0,16425,486,696,136,177,732,101,36
1030,406,0,16426,486,696,135,178,732,101,36
1031,407,0,16425,486,696,136,177,732,101,36
1032,407,0,16425,486,696,136,177,732,101,36
1033,407,0,16425,486,696,136,177,732,101,36
1034,407,0,16425,486,696,136,177,732,101,36
1035,406,0,16426,486,696,136,177,732,101,36
1036,406,0,16426,486,696,136,177,732,101,36
1037,408,0,16424,486,696,137,176,732,101,36
1038,408,0,16424,486,696,137,176,732,101,36
1039,407,0,16425,486,696,137,176,732,101,36
1040,408,0,16424,486,696,137,176,732,101,36
1041,410,0,16422,486,696,138,175,733,100,36
1042,410,0,16422,486,696,138,175,733,100,36
1043,411,0,16421,486,696,138,175,733,100,36
1044,413,0,16419,486,696,138,175,733,100,36
1045,413,0,16419,486,696,138,175,733,100,36
1046,414,0,16418,486,696,138,175,733,100,36
1047,413,0,16419,486,696,137,176,733,100,36
1048,413,0,16419,486,696,137,176,733,100,36
1049,414,0,16418,486,696,137,176,733,100,36
1050,414,0,16418,486,696,137,176,733,100,36
1051,415,0,16417,486,696,137,176,733,100,36
1052,416,0,16416,486,696,137,176,733,100,36
1053,416,0,16416,486,696,137,176,733,100,36
1054,415,0,16417,486,696,137,176,733,100,36
1055,414,0,16418,486,696,137,176,733,100,36
1056,415,0,16417,486,696,137,176,733,100,36
1057,415,0,16417,486,696,137,176,733,100,36
1058,414,0,16418,486,696,136,177,733,100,36
1059,414,0,16418,486,696,136,177,733,100,36
1060,414,0,16418,486,696,136,177,733,100,36
1061,413,0,16419,486,696,135,178,733,100,36
1062,413,0,16419,486,696,135,178,733,100,36
1063,413,0,16419,486,696,135,178,733,100,36
1064,414,0,16418,486,696,135,178,733,100,36
1065,415,0,16417,486,696,135,178,733,100,36
1066,416,0,16416,486,696,135,178,733,100,36
1067,416,0,16416,486,696,135,178,733,100,36
1068,415,0,16417,486,696,135,178,733,100,36
1069,417,0,16415,486,696,135,178,733,100,36
1070,417,0,16415,486,696,135,178,733,100,36
1071,419,0,16413,486,696,135,178,733,100,36
1072,419,0,16413,486,696,135,178,733,100,36
1073,420,0,16412,486,696,135,178,733,100,36
1074,422,0,16410,486,696,135,178,733,100,36
1075,422,0,16410,486,696,135,178,733,100,36
1076,421,0,16411,486,696,135,178,732,101,36
1077,421,0,16411,486,696,135,178,732,101,36
1078,420,0,16412,486,696,134,179,732,101,36
1079,420,0,16412,486,696,134,179,732,101,36
1080,420,0,16412,486,696,134,179,732,101,36
1081,420,0,16412,486,696,134,179,732,101,36
1082,420,0,16412,486,696,134,179,732,101,36
1083,420,0,16412,486,696,134,179,732,101,36
1084,421,0,16411,486,696,134,179,732,101,36
1085,422,0,16410,486,696,134,179,732,101,36
1086,423,0,16409,486,696,134,179,732,101,36
1087,423,0,16409,486,696,134,179,732,101,36
1088,424,0,16408,487,695,134,180,731,101,36
1089,423,0,16409,487,695,133,181,731,101,36
1090,423,0,16409,487,695,133,181,731,101,36
1091,422,0,16410,487,695,132,182,731,101,36
1092,422,0,16410,487,695,132,182,731,101,36
1093,422,0,16410,487,695,132,182,731,101,36
1094,420,0,16412,487,695,132,182,731,101,36
1095,420,0,16412,487,695,132,182,731,101,36
1096,418,0,16414,487,695,132,182,731,101,36
1097,419,0,16413,487,695,132,182,731,101,36
1098,419,0,16413,487,695,132,182,731,100,37
1099,420,0,16412,487,695,132,182,731,100,37
1100,420,0,16412,487,695,132,182,731,100,37
1101,420,0,16412,487,695,132,182,731,100,37
1102,422,0,16410,487,695,132,182,731,100,37
1103,422,0,16410,487,695,132,182,731,100,37
1104,422,0,16410,487,695,132,182,731,100,37
1105,422,0,16410,487,695,132,182,731,100,37
1106,422,0,16410,487,695,132,182,731,100,37
1107,422,0,16410,487,695,132,182,731,100,37
1108,422,0,16410,487,695,132,182,731,100,37
1109,422,0,16410,487,695,132,182,731,100,37
1110,422,0,16410,487,695,132,182,731,100,37
1111,422,0,16410,487,695,132,182,731,100,37
1112,422,0,16410,487,695,132,182,731,100,37
1113,421,0,16411,487,695,132,182,731,100,37
1114,421,0,16411,487,695,132,182,731,100,37
1115,420,0,16412,487,695,132,182,731,100,37
1116,420,0,16412,487,695,132,182,731,100,37
1117,420,0,16412,487,695,132,182,731,100,37
1118,419,0,16413,487,695,132,182,731,100,37
1119,419,0,16413,487,695,132,182,731,100,37
1120,419,0,16413,487,695,132,182,731,100,37
1121,420,0,16412,487,695,133,181,731,100,37
1122,421,0,16411,486,696,133,181,731,100,37
1123,422,0,16410,486,696,133,181,731,100,37
1124,421,0,16411,486,696,133,181,731,100,37
1125,421,0,16411,486,696,133,181,731,100,37
1126,421,0,16411,486,696,133,181,731,100,37
1127,421,0,16411,486,696,133,181,731,100,37
1128,421,0,16411,486,696,133,181,731,100,37
1129,421,0,16411,486,696,133,181,731,100,37
1130,422,0,16410,486,696,133,181,731,100,37
1131,423,0,16409,486,696,133,181,731,100,37
1132,421,0,16411,486,696,133,181,731,100,37
1133,421,0,16411,486,696,133,181,731,100,37
1134,421,0,16411,486,696,133,181,731,100,37
1135,422,0,16410,487,695,133,182,730,100,37
1136,423,0,16409,487,695,133,182,730,100,37
1137,422,0,16410,487,695,133,182,730,100,37
1138,422,0,16410,487,695,133,182,730,100,37
1139,424,0,16408,487,695,134,181,730,100,37
1140,424,0,16408,487,695,134,181,730,100,37
1141,424,0,16408,487,695,134,181,730,100,37
1142,423,0,16409,487,695,133,182,730,100,37
1143,423,0,16409,487,695,133,182,730,100,37
1144,423,0,16409,487,695,133,182,730,100,37
1145,423,0,16409,487,695,133,182,730,100,37
1146,422,0,16410,487,695,133,182,730,100,37
1147,422,0,16410,487,695,133,182,730,100,37
1148,420,0,16412,487,695,133,182,730,100,37
1149,420,0,16412,486,696,133,182,730,100,37
1150,419,0,16413,486,696,133,182,730,100,37
1151,418,0,16414,486,696,133,182,730,100,37
1152,418,0,16414,486,696,133,182,730,100,37
1153,418,0,16414,486,696,133,182,730,100,37
1154,419,0,16413,486,696,133,182,730,100,37
1155,419,0,16413,486,696,133,182,730,100,37
1156,419,0,16413,486,696,133,182,730,100,37
1157,419,0,16413,486,696,133,182,730,100,37
1158,420,0,16412,486,696,133,182,730,100,37
1159,421,0,16411,486,696,133,182,730,100,37
1160,420,0,16412,486,696,133,182,730,100,37
1161,420,0,16412,486,696,133,182,730,100,37
1162,419,0,16413,486,696,133,182,730,100,37
1163,418,0,16414,486,696,133,182,730,100,37
1164,418,0,16414,486,696,133,182,730,100,37
1165,418,0,16414,486,696,133,182,730,100,37
1166,418,0,16414,486,696,133,182,730,100,37
1167,419,0,16413,486,696,133,182,730,100,37
1168,421,0,16411,486,696,133,182,730,100,37
1169,419,0,16413,486,696,133,182,730,100,37
1170,419,0,16413,486,696,133,182,730,100,37
1171,419,0,16413,486,696,133,182,730,100,37
1172,419,0,16413,486,696,133,182,730,100,37
1173,419,0,16413,486,696,133,182,730,100,37
1174,419,0,16413,486,696,133,182,730,100,37
1175,421,0,16411,486,696,134,181,730,100,37
1176,420,0,16412,486,696,134,181,730,100,37
1177,420,0,16412,486,696,134,181,730,100,37
1178,420,0,16412,486,696,134,181,730,100,37
1179,420,0,16412,486,696,134,181,730,100,37
1180,420,0,16412,486,696,134,181,730,100,37
1181,420,0,16412,486,696,134,181,730,100,37
1182,421,0,16411,486,696,134,181,730,100,37
1183,421,0,16411,486,696,134,181,730,100,37
1184,421,0,16411,486,696,134,181,730,100,37
1185,421,0,16411,486,696,134,181,730,100,37
1186,422,0,16410,486,696,134,181,730,100,37
1187,423,0,16409,486,696,134,181,730,100,37
1188,424,0,16408,486,696,134,181,731,99,37
1189,424,0,16408,486,696,134,181,731,99,37
1190,424,0,16408,486,696,134,181,731,99,37
1191,424,0,16408,486,696,134,181,731,99,37
1192,424,0,16408,486,696,134,181,731,99,37
1193,424,0,16408,486,696,133,182,731,99,37
1194,425,0,16407,486,696,133,182,731,99,37
1195,425,0,16407,486,696,133,182,731,99,37
1196,425,0,16407,486,696,133,182,731,99,37
1197,424,0,16408,486,696,132,183,731,99,37
1198,424,0,16408,486,696,132,183,731,99,37
1199,425,0,16407,486,696,132,183,731,99,37
1200,425,0,16407,486,696,132,183,731,99,37
1201,425,0,16407,486,696,132,183,731,99,37
1202,425,0,16407,486,696,132,183,731,99,37
1203,424,0,16408,486,696,132,183,731,99,37
1204,424,0,16408,486,696,132,183,731,99,37
1205,423,0,16409,486,696,131,184,731,99,37
1206,423,0,16409,486,696,131,184,731,99,37
1207,424,0,16408,486,696,131,184,731,99,37
1208,423,0,16409,486,696,131,184,731,99,37
1209,423,0,16409,486,696,131,184,731,99,37
1210,424,0,16408,486,696,131,184,731,99,37
1211,423,0,16409,486,696,131,184,731,98,38
1212,424,0,16408,486,696,131,184,731,98,38
1213,423,0,16409,486,696,131,184,730,99,38
1214,425,0,16407,487,695,131,185,730,98,38
1215,425,0,16407,487,695,131,185,730,98,38
1216,425,0,16407,487,695,131,185,730,98,38
1217,425,0,16407,487,695,131,185,730,98,38
1218,425,0,16407,487,695,131,185,730,98,38
1219,424,0,16408,487,695,130,186,730,98,38
1220,424,0,16408,487,695,130,186,730,98,38
1221,423,0,16409,488,694,130,186,730,98,38
1222,425,0,16407,488,694,130,186,730,98,38
1223,424,0,16408,488,694,130,186,730,97,39
1224,424,0,16408,488,694,130,186,730,97,39
1225,424,0,16408,488,694,130,186,730,97,39
1226,424,0,16408,488,694,130,186,730,97,39
1227,425,0,16407,488,694,130,186,730,97,39
1228,427,0,16405,488,694,130,186,730,97,39
1229,427,0,16405,488,694,130,186,730,97,39
1230,427,0,16405,488,694,130,186,730,97,39
1231,426,0,16406,488,694,130,186,730,97,39
1232,426,0,16406,488,694,130,186,730,97,39
1233,425,0,16407,488,694,129,187,730,97,39
1234,425,0,16407,488,694,129,187,730,97,39
1235,424,0,16408,488,694,129,187,730,97,39
1236,423,0,16409,488,694,129,187,730,97,39
1237,423,0,16409,488,694,129,187,730,97,39
1238,423,0,16409,488,694,129,187,730,97,39
1239,424,0,16408,488,694,129,187,730,97,39
1240,423,0,16409,488,694,129,187,730,97,39
1241,423,0,16409,488,694,129,187,730,97,39
1242,422,0,16410,488,694,129,187,730,97,39
1243,422,0,16410,488,694,129,187,730,97,39
1244,422,0,16410,488,694,129,187,730,97,39
1245,423,0,16409,488,694,129,187,730,97,39
1246,422,0,16410,488,694,129,187,730,97,39
1247,422,0,16410,488,694,129,187,730,98,38
1248,421,0,16411,487,695,129,186,731,98,38
1249,422,0,16410,487,695,129,186,731,98,38
1250,422,0,16410,488,694,129,187,730,98,38
1251,422,0,16410,488,694,129,187,730,98,38
1252,422,0,16410,488,694,129,187,730,98,38
1253,421,0,16411,488,694,129,187,730,97,39
1254,421,0,16411,487,695,129,187,730,97,39
1255,422,0,16410,487,695,129,187,730,97,39
1256,422,0,16410,487,695,129,187,730,97,39
1257,422,0,16410,487,695,129,187,730,97,39
1258,424,0,16408,487,695,130,186,730,97,39
1259,423,0,16409,487,695,130,186,730,97,39
1260,424,0,16408,487,695,130,186,730,97,39
1261,427,0,16405,487,695,130,186,730,97,39
1262,427,0,16405,487,695,130,186,730,97,39
1263,427,0,16405,487,695,130,186,730,97,39
1264,426,0,16406,487,695,130,186,730,97,39
1265,426,0,16406,487,695,130,186,730,97,39
1266,427,0,16405,487,695,130,186,730,97,39
1267,427,0,16405,487,695,130,186,730,97,39
1268,427,0,16405,487,695,130,186,730,97,39
1269,429,0,16403,487,695,130,186,730,97,39
1270,429,0,16403,487,695,130,186,730,97,39
1271,429,0,16403,487,695,130,186,730,97,39
1272,429,0,16403,487,695,130,186,730,97,39
1273,429,0,16403,487,695,130,186,730,97,39
1274,428,0,16404,487,695,130,186,730,97,39
1275,428,0,16404,487,695,130,186,730,97,39
1276,429,0,16403,487,695,130,186,730,97,39
1277,430,0,16402,487,695,131,185,730,97,39
1278,429,0,16403,487,695,131,185,730,97,39
1279,429,0,16403,487,695,131,185,730,97,39
1280,429,0,16403,487,695,131,185,730,97,39
1281,429,0,16403,487,695,131,185,730,97,39
1282,429,0,16403,487,695,131,185,730,97,39
1283,428,0,16404,487,695,131,185,730,97,39
1284,427,0,16405,487,695,131,185,730,97,39
1285,426,0,16406,487,695,131,185,729,98,39
1286,427,0,16405,487,695,131,185,729,98,39
1287,426,0,16406,487,695,131,185,729,98,39
1288,426,0,16406,487,695,131,185,729,98,39
1289,426,0,16406,487,695,131,185,729,98,39
1290,425,0,16407,487,695,131,185,729,98,39
1291,426,0,16406,487,695,132,184,729,98,39
1292,425,0,16407,487,695,132,184,729,98,39
1293,425,0,16407,487,695,132,184,729,98,39
1294,427,0,16405,487,695,132,184,729,98,39
1295,428,0,16404,487,695,132,184,730,97,39
1296,428,0,16404,487,695,132,184,730,97,39
1297,429,0,16403,486,696,132,184,730,97,39
1298,429,0,16403,486,696,132,184,730,97,39
1299,429,0,16403,485,697,132,184,731,96,39
1300,429,0,16403,485,697,132,184,731,96,39
1301,429,0,16403,485,697,132,184,731,96,39
1302,429,0,16403,485,697,132,184,731,96,39
1303,429,0,16403,485,697,132,184,731,96,39
1304,428,0,16404,485,697,132,184,731,96,39
1305,429,0,16403,485,697,132,184,731,96,39
1306,430,0,16402,485,697,132,184,731,97,38
1307,429,0,16403,485,697,132,184,731,97,38
1308,428,0,16404,485,697,132,184,731,97,38
1309,428,0,16404,485,697,132,184,731,97,38
1310,429,0,16403,485,697,133,183,731,97,38
1311,429,0,16403,485,697,133,183,731,97,38
1312,429,0,16403,485,697,133,183,731,97,38
1313,429,0,16403,485,697,133,183,731,97,38
1314,430,0,16402,485,697,133,183,732,96,38
1315,429,0,16403,485,697,133,183,732,96,38
1316,430,0,16402,485,697,133,183,732,96,38
1317,431,0,16401,485,697,133,183,732,96,38
1318,431,0,16401,485,697,133,183,732,96,38
1319,433,0,16399,485,697,133,183,732,96,38
1320,433,0,16399,485,697,133,183,732,96,38
1321,432,0,16400,486,696,133,183,732,96,38
1322,433,0,16399,485,697,133,183,732,96,38
1323,432,0,16400,485,697,133,183,732,96,38
1324,431,0,16401,485,697,133,183,732,96,38
1325,431,0,16401,485,697,133,183,732,96,38
1326,432,0,16400,486,696,133,184,731,96,38
1327,432,0,16400,486,696,133,184,731,96,38
1328,432,0,16400,486,696,133,184,731,96,38
1329,431,0,16401,486,696,133,184,731,96,38
1330,432,0,16400,486,696,133,184,731,96,38
1331,432,0,16400,486,696,133,184,731,96,38
1332,433,0,16399,486,696,133,184,731,96,38
1333,433,0,16399,486,696,133,184,731,96,38
1334,432,0,16400,486,696,133,184,731,96,38
1335,432,0,16400,486,696,133,184,731,96,38
1336,431,0,16401,486,696,133,184,731,96,38
1337,431,0,16401,486,696,133,184,731,96,38
1338,430,0,16402,486,696,133,184,731,96,38
1339,429,0,16403,486,696,133,184,731,96,38
1340,429,0,16403,486,696,133,184,731,96,38
1341,430,0,16402,486,696,133,184,731,96,38
1342,428,0,16404,486,696,133,184,731,95,39
1343,427,0,16405,486,696,133,184,731,95,39
1344,428,0,16404,486,696,133,184,731,95,39
1345,428,0,16404,486,696,133,184,731,95,39
1346,428,0,16404,486,696,133,184,731,95,39
1347,429,0,16403,486,696,134,183,731,95,39
1348,429,0,16403,486,696,134,183,731,95,39
1349,431,0,16401,486,696,134,183,731,96,38
1350,429,0,16403,486,696,133,184,731,96,38
1351,429,0,16403,486,696,133,184,731,96,38
1352,428,0,16404,486,696,133,184,731,96,38
1353,429,0,16403,486,696,133,184,731,96,38
1354,429,0,16403,486,696,133,184,731,96,38
1355,429,0,16403,486,696,133,184,731,96,38
1356,429,0,16403,486,696,133,184,731,96,38
1357,429,0,16403,486,696,133,184,731,96,38
1358,428,0,16404,486,696,133,184,731,96,38
1359,428,0,16404,486,696,133,184,731,96,38
1360,428,0,16404,486,696,133,184,731,96,38
1361,428,0,16404,486,696,133,184,731,96,38
1362,428,0,16404,486,696,133,184,731,96,38
1363,430,0,16402,485,697,133,184,731,96,38
1364,433,0,16399,484,698,133,184,731,96,38
1365,433,0,16399,484,698,133,184,731,96,38
1366,433,0,16399,484,698,133,184,731,96,38
1367,433,0,16399,484,698,133,184,731,96,38
1368,433,0,16399,484,698,133,184,731,96,38
1369,432,0,16400,484,698,133,184,731,96,38
1370,432,0,16400,482,700,133,183,733,95,38
1371,432,0,16400,482,700,133,183,733,95,38
1372,433,0,16399,482,700,133,183,733,95,38
1373,434,0,16398,482,700,133,183,733,95,38
1374,434,0,16398,482,700,133,183,733,95,38
1375,434,0,16398,482,700,133,183,733,95,38
1376,434,0,16398,482,700,133,183,733,95,38
1377,434,0,16398,482,700,134,182,733,95,38
1378,434,0,16398,482,700,134,182,733,95,38
1379,434,0,16398,482,700,134,182,733,95,38
1380,436,0,16396,482,700,134,182,734,94,38
1381,435,0,16397,482,700,133,183,734,94,38
1382,435,0,16397,482,700,133,183,734,94,38
1383,435,0,16397,482,700,133,183,734,94,38
1384,435,0,16397,482,700,133,183,734,94,38
1385,434,0,16398,482,700,132,184,734,94,38
1386,433,0,16399,482,700,132,184,733,95,38
1387,433,0,16399,482,700,132,184,733,95,38
1388,434,0,16398,483,699,132,185,732,95,38
1389,434,0,16398,483,699,132,185,732,95,38
1390,434,0,16398,483,699,132,185,732,95,38
1391,434,0,16398,483,699,132,185,732,95,38
1392,434,0,16398,483,699,132,185,732,95,38
1393,434,0,16398,483,699,132,185,732,95,38
1394,435,0,16397,483,699,132,185,732,95,38
1395,435,0,16397,483,699,132,185,732,95,38
1396,436,0,16396,483,699,133,184,732,95,38
1397,436,0,16396,483,699,133,184,732,95,38
1398,436,0,16396,483,699,133,184,732,95,38
1399,436,0,16396,483,699,133,184,732,95,38
1400,436,0,16396,483,699,133,184,732,95,38
1401,435,0,16397,483,699,132,185,732,95,38
1402,435,0,16397,483,699,132,185,732,95,38
1403,435,0,16397,483,699,132,185,732,95,38
1404,435,0,16397,483,699,132,185,732,95,38
1405,435,0,16397,483,699,132,185,732,95,38
1406,436,0,16396,484,698,132,186,731,95,38
1407,436,0,16396,484,698,132,186,731,95,38
1408,438,0,16394,484,698,133,185,731,96,37
1409,438,0,16394,484,698,133,185,731,96,37
1410,438,0,16394,484,698,133,185,731,96,37
1411,439,0,16393,484,698,133,185,731,96,37
1412,439,0,16393,484,698,133,185,731,96,37
1413,439,0,16393,484,698,133,185,731,96,37
1414,439,0,16393,484,698,133,185,731,96,37
1415,439,0,16393,484,698,133,185,731,96,37
1416,440,0,16392,484,698,133,185,731,96,37
1417,441,0,16391,484,698,133,185,731,96,37
1418,441,0,16391,484,698,133,185,731,96,37
1419,440,0,16392,484,698,133,185,730,97,37
1420,439,0,16393,484,698,133,185,730,97,37
1421,438,0,16394,484,698,133,185,730,97,37
1422,439,0,16393,484,698,133,185,730,97,37
1423,438,0,16394,483,699,133,184,731,97,37
1424,438,0,16394,483,699,133,184,731,97,37
1425,438,0,16394,483,699,133,184,731,97,37
1426,438,0,16394,483,699,133,184,731,97,37
1427,439,0,16393,483,699,133,184,731,97,37
1428,439,0,16393,483,699,133,184,731,97,37
1429,442,0,16390,483,699,134,183,731,96,38
1430,442,0,16390,483,699,134,183,731,96,38
1431,441,0,16391,483,699,133,184,731,96,38
1432,443,0,16389,483,699,133,184,731,96,38
1433,442,0,16390,483,699,133,184,731,96,38
1434,444,0,16388,483,699,135,182,731,96,38
1435,444,0,16388,483,699,135,182,731,96,38
1436,444,0,16388,483,699,135,182,731,96,38
1437,444,0,16388,483,699,135,182,731,96,38
1438,443,0,16389,483,699,134,183,731,96,38
1439,443,0,16389,483,699,134,183,731,96,38
1440,442,0,16390,483,699,133,184,731,96,38
1441,442,0,16390,483,699,133,184,731,96,38
1442,443,0,16389,483,699,133,184,731,96,38
1443,445,0,16387,482,700,133,184,731,96,38
1444,444,0,16388,482,700,133,184,731,96,38
1445,444,0,16388,482,700,133,184,731,96,38
1446,444,0,16388,482,700,133,184,731,96,38
1447,444,0,16388,482,700,133,184,731,96,38
1448,444,0,16388,482,700,133,184,731,96,38
1449,444,0,16388,482,700,133,184,731,96,38
1450,444,0,16388,482,700,133,184,731,96,38
1451,442,0,16390,482,700,133,184,731,96,38
1452,442,0,16390,482,700,133,184,731,96,38
1453,443,0,16389,482,700,133,184,731,96,38
1454,443,0,16389,482,700,133,184,731,96,38
1455,444,0,16388,482,700,133,184,731,96,38
1456,445,0,16387,482,700,133,184,731,96,38
1457,445,0,16387,482,700,133,184,731,96,38
1458,445,0,16387,482,700,133,184,731,96,38
1459,445,0,16387,482,700,133,184,731,96,38
1460,445,0,16387,482,700,132,185,731,96,38
1461,444,0,16388,482,700,132,185,731,96,38
1462,444,0,16388,482,700,132,185,731,96,38
1463,444,0,16388,482,700,132,185,731,96,38
1464,445,0,16387,482,700,131,186,731,96,38
1465,444,0,16388,482,700,131,186,731,96,38
1466,444,0,16388,482,700,131,186,731,96,38
1467,443,0,16389,482,700,131,186,731,96,38
1468,441,0,16391,481,701,130,186,732,96,38
1469,442,0,16390,481,701,130,186,732,96,38
1470,442,0,16390,481,701,130,186,732,96,38
1471,441,0,16391,481,701,130,186,732,96,38
1472,442,0,16390,482,700,130,187,731,96,38
1473,443,0,16389,482,700,130,187,731,96,38
1474,443,0,16389,482,700,130,187,731,96,38
1475,443,0,16389,482,700,130,187,731,96,38
1476,442,0,16390,482,700,130,187,731,96,38
1477,442,0,16390,482,700,130,187,731,96,38
1478,442,0,16390,482,700,130,187,731,96,38
1479,444,0,16388,482,700,130,187,731,97,37
1480,444,0,16388,481,701,130,187,731,97,37
1481,444,0,16388,481,701,130,187,731,97,37
1482,444,0,16388,481,701,130,187,731,97,37
1483,445,0,16387,481,701,131,186,731,97,37
1484,444,0,16388,481,701,131,186,731,97,37
1485,444,0,16388,481,701,131,186,731,97,37
1486,442,0,16390,481,701,131,186,731,97,37
1487,441,0,16391,480,702,131,186,731,97,37
1488,442,0,16390,480,702,131,186,731,97,37
1489,442,0,16390,480,702,131,186,731,97,37
1490,442,0,16390,480,702,131,186,731,97,37
1491,443,0,16389,480,702,131,186,732,96,37
1492,444,0,16388,480,702,131,186,732,96,37
1493,443,0,16389,480,702,131,186,732,96,37
1494,444,0,16388,480,702,131,186,732,96,37
1495,443,0,16389,480,702,131,186,732,96,37
1496,443,0,16389,480,702,131,186,732,96,37
1497,443,0,16389,480,702,131,186,732,96,37
1498,441,0,16391,480,702,130,186,733,96,37
1499,441,0,16391,480,702,130,186,733,96,37
1500,441,0,16391,480,702,130,186,733,96,37
1501,440,0,16392,480,702,130,186,733,96,37
1502,439,0,16393,480,702,130,186,733,96,37
1503,438,0,16394,480,702,129,187,732,97,37
1504,437,0,16395,480,702,129,187,732,97,37
1505,437,0,16395,480,702,129,187,732,97,37
1506,437,0,16395,480,702,129,187,732,97,37
1507,436,0,16396,480,702,129,187,732,97,37
1508,435,0,16397,480,702,128,188,732,97,37
1509,435,0,16397,480,702,128,188,732,97,37
1510,436,0,16396,480,702,128,188,732,97,37
1511,435,0,16397,479,703,128,188,732,97,37
1512,435,0,16397,479,703,128,188,733,96,37
1513,436,0,16396,479,703,128,188,733,97,36
1514,436,0,16396,479,703,129,187,733,97,36
1515,436,0,16396,479,703,129,187,733,97,36
1516,439,0,16393,480,702,129,188,732,97,36
1517,438,0,16394,480,702,129,188,732,97,36
1518,438,0,16394,480,702,130,187,732,97,36
1519,437,0,16395,480,702,130,187,732,97,36
1520,437,0,16395,480,702,130,187,732,97,36
1521,437,0,16395,480,702,130,187,732,97,36
1522,438,0,16394,480,702,131,186,732,97,36
1523,438,0,16394,480,702,131,186,732,97,36
1524,438,0,16394,480,702,131,186,732,97,36
1525,437,0,16395,480,702,130,187,732,97,36
1526,437,0,16395,480,702,130,187,732,97,36
1527,439,0,16393,480,702,130,187,732,97,36
1528,440,0,16392,480,702,130,187,732,97,36
1529,440,0,16392,480,702,130,187,732,97,36
1530,441,0,16391,480,702,131,186,732,97,36
1531,441,0,16391,480,702,131,186,732,97,36
1532,442,0,16390,480,702,132,185,732,97,36
1533,443,0,16389,480,702,132,185,733,96,36
1534,442,0,16390,480,702,132,185,733,96,36
1535,442,0,16390,480,702,132,185,733,96,36
1536,441,0,16391,481,701,132,185,733,96,36
1537,440,0,16392,480,702,132,185,733,96,36
1538,442,0,16390,480,702,132,185,734,95,36
1539,439,0,16393,480,702,132,185,734,95,36
1540,439,0,16393,480,702,132,185,734,95,36
1541,439,0,16393,480,702,132,185,734,95,36
1542,439,0,16393,480,702,132,185,734,95,36
1543,439,0,16393,480,702,132,185,734,95,36
1544,437,0,16395,480,702,131,186,734,95,36
1545,438,0,16394,480,702,131,186,735,94,36
1546,438,0,16394,480,702,131,186,735,94,36
1547,437,0,16395,480,702,131,186,735,94,36
1548,437,0,16395,480,702,131,186,735,94,36
1549,437,0,16395,480,702,131,186,735,94,36
1550,437,0,16395,480,702,131,186,735,94,36
1551,436,0,16396,480,702,131,186,735,94,36
1552,435,0,16397,480,702,131,186,735,94,36
1553,435,0,16397,480,702,131,186,735,94,36
1554,434,0,16398,480,702,131,186,735,94,36
1555,433,0,16399,480,702,131,186,735,94,36
1556,433,0,16399,480,702,131,186,735,94,36
1557,433,0,16399,480,702,132,185,735,94,36
1558,433,0,16399,480,702,132,185,735,94,36
1559,433,0,16399,480,702,132,185,735,94,36
1560,433,0,16399,480,702,132,185,735,94,36
1561,434,0,16398,480,702,132,185,735,94,36
1562,434,0,16398,480,702,132,185,735,94,36
1563,433,0,16399,480,702,132,185,735,94,36
1564,433,0,16399,480,702,132,185,735,94,36
1565,430,0,16402,480,702,132,185,735,94,36
1566,429,0,16403,480,702,132,185,735,94,36
1567,428,0,16404,480,702,132,185,735,94,36
1568,427,0,16405,480,702,132,185,735,94,36
1569,427,0,16405,480,702,132,185,735,94,36
1570,427,0,16405,480,702,132,185,735,94,36
1571,427,0,16405,480,702,132,185,735,94,36
1572,426,0,16406,479,703,132,184,736,94,36
1573,425,0,16407,479,703,132,184,736,94,36
1574,426,0,16406,479,703,132,184,736,94,36
1575,426,0,16406,479,703,132,184,736,94,36
1576,426,0,16406,479,703,132,184,736,94,36
1577,426,0,16406,480,702,132,185,735,94,36
1578,426,0,16406,480,702,132,185,735,94,36
1579,426,0,16406,480,702,132,185,735,94,36
1580,426,0,16406,480,702,132,185,735,94,36
1581,425,0,16407,480,702,132,185,735,94,36
1582,424,0,16408,480,702,132,185,735,94,36
1583,424,0,16408,480,702,132,185,735,94,36
1584,424,0,16408,480,702,132,185,735,94,36
1585,423,0,16409,480,702,131,186,735,94,36
1586,423,0,16409,480,702,131,186,735,94,36
1587,424,0,16408,480,702,131,186,735,94,36
1588,423,0,16409,480,702,131,186,735,94,36
1589,423,0,16409,480,702,131,186,735,94,36
1590,422,0,16410,480,702,132,184,736,94,36
1591,421,0,16411,480,702,131,185,736,94,36
1592,421,0,16411,480,702,131,185,736,94,36
1593,421,0,16411,480,702,131,185,736,94,36
1594,420,0,16412,480,702,131,185,736,94,36
1595,420,0,16412,480,702,131,185,736,94,36
1596,420,0,16412,480,702,131,185,736,94,36
1597,420,0,16412,480,702,131,185,736,94,36
1598,417,0,16415,480,702,131,185,735,95,36
1599,418,0,16414,480,702,131,185,735,95,36
1600,417,0,16415,480,702,131,185,735,95,36
1601,418,0,16414,480,702,131,185,735,95,36
1602,420,0,16412,480,702,132,184,735,95,36
1603,418,0,16414,480,702,132,184,735,95,36
1604,418,0,16414,480,702,132,184,735,95,36
1605,417,0,16415,480,702,132,184,735,95,36
1606,417,0,16415,480,702,132,184,735,95,36
1607,416,0,16416,480,702,132,184,735,95,36
1608,416,0,16416,480,702,132,184,735,95,36
1609,416,0,16416,480,702,132,184,735,95,36
1610,415,0,16417,480,702,132,184,735,95,36
1611,415,0,16417,480,702,132,184,735,95,36
1612,416,0,16416,480,702,132,184,735,95,36
1613,416,0,16416,480,702,132,184,735,95,36
1614,417,0,16415,480,702,132,184,735,95,36
1615,417,0,16415,480,702,132,184,735,95,36
1616,416,0,16416,479,703,131,185,735,95,36
1617,413,0,16419,479,703,131,185,735,95,36
1618,414,0,16418,480,702,131,186,734,95,36
1619,414,0,16418,480,702,131,186,734,95,36
1620,413,0,16419,480,702,130,187,734,95,36
1621,413,0,16419,480,702,130,187,734,95,36
1622,412,0,16420,480,702,130,187,734,95,36
1623,411,0,16421,480,702,130,187,733,96,36
1624,410,0,16422,480,702,129,188,733,96,36
1625,410,0,16422,480,702,129,188,733,96,36
1626,408,0,16424,480,702,129,188,733,95,37
1627,408,0,16424,480,702,129,188,733,95,37
1628,409,0,16423,480,702,129,188,733,95,37
1629,408,0,16424,480,702,129,188,733,95,37
1630,407,0,16425,480,702,129,188,733,95,37
1631,406,0,16426,480,702,129,188,733,95,37
1632,406,0,16426,480,702,129,188,733,95,37
1633,405,0,16427,480,702,129,188,733,95,37
1634,405,0,16427,480,702,129,188,733,95,37
1635,407,0,16425,479,703,129,188,733,95,37
1636,407,0,16425,479,703,129,188,733,95,37
1637,408,0,16424,479,703,129,188,734,94,37
1638,407,0,16425,479,703,129,188,734,94,37
1639,407,0,16425,479,703,129,188,734,94,37
1640,407,0,16425,479,703,129,188,734,94,37
1641,407,0,16425,479,703,129,188,734,94,37
1642,407,0,16425,479,703,129,188,734,94,37
1643,407,0,16425,479,703,130,187,734,94,37
1644,407,0,16425,479,703,130,187,735,93,37
1645,408,0,16424,479,703,130,187,735,93,37
1646,408,0,16424,478,704,130,187,735,93,37
1647,407,0,16425,478,704,130,187,735,93,37
1648,407,0,16425,478,704,130,187,735,93,37
1649,408,0,16424,478,704,130,187,735,93,37
1650,409,0,16423,478,704,130,187,736,92,37
1651,410,0,16422,478,704,130,187,736,92,37
1652,410,0,16422,478,704,130,187,736,92,37
1653,411,0,16421,477,705,130,187,736,92,37
1654,409,0,16423,477,705,129,188,736,92,37
1655,409,0,16423,477,705,129,188,736,92,37
1656,409,0,16423,477,705,129,188,736,92,37
1657,408,0,16424,477,705,129,188,736,92,37
1658,408,0,16424,477,705,129,188,736,92,37
1659,408,0,16424,477,705,129,188,736,92,37
1660,407,0,16425,477,705,129,188,736,92,37
1661,406,0,16426,477,705,129,188,736,92,37
1662,406,0,16426,477,705,129,188,736,92,37
1663,404,0,16428,477,705,129,188,736,92,37
1664,404,0,16428,477,705,129,188,736,92,37
1665,405,0,16427,477,705,129,188,737,91,37
1666,405,0,16427,477,705,129,188,737,91,37
1667,406,0,16426,477,705,129,188,737,91,37
1668,405,0,16427,477,705,128,189,737,91,37
1669,406,0,16426,477,705,128,189,737,92,36
1670,407,0,16425,477,705,128,189,737,92,36
1671,406,0,16426,477,705,128,189,737,92,36
1672,408,0,16424,477,705,128,189,737,92,36
1673,407,0,16425,477,705,128,189,737,92,36
1674,408,0,16424,477,705,128,189,737,92,36
1675,408,0,16424,477,705,128,189,737,92,36
1676,407,0,16425,477,705,128,189,737,92,36
1677,407,0,16425,477,705,128,189,737,92,36
1678,407,0,16425,477,705,128,189,737,92,36
1679,406,0,16426,477,705,128,189,737,92,36
1680,406,0,16426,477,705,128,189,737,92,36
1681,405,0,16427,477,705,128,189,737,92,36
1682,405,0,16427,477,705,128,189,737,92,36
1683,405,0,16427,477,705,128,189,737,92,36
1684,406,0,16426,477,705,127,190,737,92,36
1685,405,0,16427,477,705,127,190,737,92,36
1686,405,0,16427,477,705,127,190,737,92,36
1687,404,0,16428,477,705,127,190,737,92,36
1688,404,0,16428,477,705,127,190,737,92,36
1689,405,0,16427,477,705,127,190,737,92,36
1690,405,0,16427,477,705,127,190,737,92,36
1691,406,0,16426,477,705,127,190,737,92,36
1692,404,0,16428,477,705,127,190,737,92,36
1693,404,0,16428,477,705,127,190,737,92,36
1694,404,0,16428,477,705,127,190,737,92,36
1695,403,0,16429,477,705,127,190,737,91,37
1696,402,0,16430,477,705,127,190,737,91,37
1697,402,0,16430,477,705,127,190,737,91,37
1698,402,0,16430,477,705,127,190,737,91,37
1699,401,0,16431,477,705,127,190,737,91,37
1700,402,0,16430,477,705,127,190,737,91,37
1701,403,0,16429,477,705,127,190,737,91,37
1702,403,0,16429,477,705,127,190,737,91,37
1703,402,0,16430,477,705,126,191,737,91,37
1704,402,0,16430,477,705,126,191,737,91,37
1705,403,0,16429,477,705,127,190,737,91,37
1706,403,0,16429,477,705,126,191,737,91,37
1707,402,0,16430,477,705,126,191,737,91,37
1708,402,0,16430,477,705,126,191,737,91,37
1709,403,0,16429,477,705,126,191,737,91,37
1710,404,0,16428,476,706,126,191,737,91,37
1711,405,0,16427,476,706,126,191,737,91,37
1712,406,0,16426,476,706,126,191,737,91,37
1713,406,0,16426,476,706,126,191,737,91,37
1714,407,0,16425,476,706,126,191,737,91,37
1715,408,0,16424,477,705,126,192,736,91,37
1716,408,0,16424,477,705,126,192,736,91,37
1717,409,0,16423,477,705,126,192,736,91,37
1718,409,0,16423,477,705,126,192,736,91,37
1719,409,0,16423,477,705,126,192,736,91,37
1720,408,0,16424,477,705,126,192,736,91,37
1721,408,0,16424,477,705,126,192,736,91,37
1722,409,0,16423,477,705,126,192,736,91,37
1723,409,0,16423,477,705,126,192,736,91,37
1724,409,0,16423,477,705,126,192,736,91,37
1725,409,0,16423,477,705,126,192,736,91,37
1726,411,0,16421,477,705,126,192,736,92,36
1727,411,0,16421,477,705,126,192,736,92,36
1728,411,0,16421,477,705,126,192,736,92,36
1729,408,0,16424,477,705,126,192,736,92,36
1730,408,0,16424,477,705,125,193,736,92,36
1731,408,0,16424,477,705,125,193,736,92,36
1732,407,0,16425,477,705,125,193,736,92,36
1733,407,0,16425,476,706,125,192,737,92,36
1734,407,0,16425,476,706,125,192,737,92,36
1735,406,0,16426,476,706,125,192,737,92,36
1736,406,0,16426,476,706,125,192,737,92,36
1737,406,0,16426,476,706,125,192,737,92,36
1738,404,0,16428,476,706,125,192,737,92,36
1739,404,0,16428,476,706,125,192,737,92,36
1740,405,0,16427,476,706,125,192,737,92,36
1741,404,0,16428,476,706,125,192,737,92,36
1742,404,0,16428,476,706,125,192,737,92,36
1743,404,0,16428,476,706,125,192,737,92,36
1744,406,0,16426,476,706,125,192,737,92,36
1745,405,0,16427,476,706,125,192,737,91,37
1746,403,0,16429,476,706,125,192,737,91,37
1747,402,0,16430,476,706,125,192,737,91,37
1748,402,0,16430,476,706,125,192,737,91,37
1749,402,0,16430,476,706,125,192,737,91,37
1750,402,0,16430,476,706,125,192,737,91,37
1751,402,0,16430,476,706,125,192,737,91,37
1752,401,0,16431,476,706,125,192,737,91,37
1753,401,0,16431,476,706,125,192,737,91,37
1754,401,0,16431,476,706,125,192,737,91,37
1755,400,0,16432,477,705,125,192,738,90,37
1756,398,0,16434,477,705,125,192,738,90,37
1757,397,0,16435,477,705,125,192,738,90,37
1758,396,0,16436,477,705,125,192,738,90,37
1759,395,0,16437,477,705,124,193,738,90,37
1760,394,0,16438,477,705,124,193,738,90,37
1761,394,0,16438,477,705,124,193,738,90,37
1762,394,0,16438,477,705,124,193,738,90,37
1763,394,0,16438,477,705,124,193,738,90,37
1764,394,0,16438,477,705,124,193,738,90,37
1765,394,0,16438,477,705,124,193,739,89,37
1766,393,0,16439,477,705,124,193,739,89,37
1767,392,0,16440,477,705,124,193,739,89,37
1768,390,0,16442,477,705,123,194,739,89,37
1769,390,0,16442,477,705,123,194,739,89,37
1770,389,0,16443,477,705,123,194,739,89,37
1771,387,0,16445,477,705,123,194,739,89,37
1772,386,0,16446,476,706,123,193,740,89,37
1773,386,0,16446,476,706,123,193,740,89,37
1774,386,0,16446,476,706,123,193,740,89,37
1775,387,0,16445,476,706,123,193,740,89,37
1776,385,0,16447,477,705,123,194,739,89,37
1777,387,0,16445,477,705,123,194,739,89,37
1778,388,0,16444,477,705,123,194,739,89,37
1779,389,0,16443,477,705,123,194,739,89,37
1780,389,0,16443,477,705,123,194,739,89,37
1781,391,0,16441,476,706,123,194,739,89,37
1782,391,0,16441,476,706,123,194,739,89,37
1783,391,0,16441,476,706,123,194,739,89,37
1784,390,0,16442,476,706,123,194,739,89,37
1785,389,0,16443,476,706,123,194,739,89,37
1786,388,0,16444,476,706,122,195,739,89,37
1787,388,0,16444,476,706,122,195,739,89,37
1788,386,0,16446,476,706,122,195,739,89,37
1789,386,0,16446,476,706,122,195,739,89,37
1790,387,0,16445,476,706,122,195,739,89,37
1791,386,0,16446,476,706,121,196,739,89,37
1792,385,0,16447,476,706,121,196,739,89,37
1793,386,0,16446,476,706,122,195,739,89,37
1794,385,0,16447,476,706,122,195,739,89,37
1795,384,0,16448,476,706,122,195,739,89,37
1796,384,0,16448,476,706,122,195,739,89,37
1797,384,0,16448,476,706,121,196,739,89,37
1798,384,0,16448,476,706,121,196,739,89,37
1799,384,0,16448,476,706,121,196,739,89,37
